<?xml version="1.0"?>
<TcEventSources Version="2">
	<Source>
		<GUID>{28111931-0002-0000-5230-AE1C00001100}</GUID>
		<Name LcId="1031">EL7342 2K. DC-Motor-Endstufe (50V, 3.5A)</Name>
		<Name LcId="1033">EL7342 2Ch. DC motor output stage (50V, 3.5A)</Name>
		<Event>
			<Id>1</Id>
			<Message LcId="1031">kein Fehler</Message>
			<Message LcId="1033">No error</Message>
		</Event>
		<Event>
			<Id>2</Id>
			<Message LcId="1031">Kommunikation aufgebaut</Message>
			<Message LcId="1033">Communication established</Message>
		</Event>
		<Event>
			<Id>3</Id>
			<Message LcId="1031">Initialisierung: 0x{0,X},  0x{1,X}, 0x{2,X}</Message>
			<Message LcId="1033">Initialization: 0x{0,X}, 0x{1,X}, 0x{2,X}</Message>
		</Event>
		<Event>
			<Id>4096</Id>
			<Message LcId="1031">Information: 0x{0,X}, 0x{1,X}, 0x{2,X}</Message>
			<Message LcId="1033">Information: 0x{0,X}, 0x{1,X}, 0x{2,X}</Message>
		</Event>
		<Event>
			<Id>4352</Id>
			<Message LcId="1031">Erkennung der Betriebsart beendet: 0x{0,X}, {1}</Message>
			<Message LcId="1033">Detection of operation mode completed: 0x{0,X}, {1}</Message>
		</Event>
		<Event>
			<Id>4405</Id>
			<Message LcId="1031">Zykluszeit o.k.: {0}</Message>
			<Message LcId="1033">Cycle time o.k.: {0}</Message>
		</Event>
		<Event>
			<Id>4864</Id>
			<Message LcId="1031">Position gesetzt: {0}, {1}</Message>
			<Message LcId="1033">Position set: {0}, {1}</Message>
		</Event>
		<Event>
			<Id>5120</Id>
			<Message LcId="1031">Antrieb ist kalibriert:  {0}, {1}</Message>
			<Message LcId="1033">Drive is calibrated:  {0}, {1}</Message>
		</Event>
		<Event>
			<Id>16384</Id>
			<Message LcId="1031">Warnung: 0x{0,X}, 0x{1,X}, 0x{2,X}</Message>
			<Message LcId="1033">Warning: 0x{0,X}, 0x{1,X}, 0x{2,X}</Message>
		</Event>
		<Event>
			<Id>17152</Id>
			<Message LcId="1031">Subinkremente deaktiviert:  {0}, {1}</Message>
			<Message LcId="1033">Subincrements deactivated:  {0}, {1}</Message>
		</Event>
		<Event>
			<Id>17408</Id>
			<Message LcId="1031">Antrieb ist nicht kalibriert:  {0}, {1}</Message>
			<Message LcId="1033">Drive is not calibrated:  {0}, {1}</Message>
		</Event>
		<Event>
			<Id>17409</Id>
			<Message LcId="1031">Starttyp wird nicht unterstützt: 0x{0,X}, {1}</Message>
			<Message LcId="1033">Starttype not supported: 0x{0,X}, {1}</Message>
		</Event>
		<Event>
			<Id>17410</Id>
			<Message LcId="1031">Kommando abgewiesen: {0}, {1}</Message>
			<Message LcId="1033">Command rejected: {0}, {1}</Message>
		</Event>
		<Event>
			<Id>17413</Id>
			<Message LcId="1031">Modulo-Subtyp ungültig: {0}, {1}</Message>
			<Message LcId="1033">Invalid modulo subtype: {0}, {1}</Message>
		</Event>
		<Event>
			<Id>17424</Id>
			<Message LcId="1031">Zielposition wird überfahren: {0}, {1}</Message>
			<Message LcId="1033">Target overrun: {0}, {1}</Message>
		</Event>
		<Event>
			<Id>32769</Id>
			<Message LcId="1031">Fehler: 0x{0,X}, 0x{1,X}, 0x{2,X}</Message>
			<Message LcId="1033">Error: 0x{0,X}, 0x{1,X}, 0x{2,X}</Message>
		</Event>
		<Event>
			<Id>32770</Id>
			<Message LcId="1031">Kommunikation abgebrochen</Message>
			<Message LcId="1033">Communication aborted</Message>
		</Event>
		<Event>
			<Id>32771</Id>
			<Message LcId="1031">Konfigurationsfehler: 0x{0,X}, 0x{1,X}, 0x{2,X}</Message>
			<Message LcId="1033">Configuration error: 0x{0,X}, 0x{1,X}, 0x{2,X}</Message>
		</Event>
		<Event>
			<Id>33024</Id>
			<Message LcId="1031">Statuswort gesetzt: 0x{0,X}, {1}</Message>
			<Message LcId="1033">Status word set: 0x{0,X}, {1}</Message>
		</Event>
		<Event>
			<Id>33025</Id>
			<Message LcId="1031">Betriebsart inkompatibel zum PDO-Interface: 0x{0,X}, {1}</Message>
			<Message LcId="1033">Operation mode incompatible to PDO interface: 0x{0,X}, {1}</Message>
		</Event>
		<Event>
			<Id>33077</Id>
			<Message LcId="1031">Zykluszeit zu gross: {0}</Message>
			<Message LcId="1033">Large cycle time: {0}</Message>
		</Event>
		<Event>
			<Id>33280</Id>
			<Message LcId="1031">Fehler beim Schreiben: {0}, {1}</Message>
			<Message LcId="1033">Write access error: {0}, {1}</Message>
		</Event>
		<Event>
			<Id>33535</Id>
			<Message LcId="1031">Bootmode nicht aktiviert</Message>
			<Message LcId="1033">Bootmode not activated</Message>
		</Event>
		<Event>
			<Id>33536</Id>
			<Message LcId="1031">Fehler beim Setzen der Position: {0}</Message>
			<Message LcId="1033">Set position error: 0x{0,X}, {1}</Message>
		</Event>
		<Event>
			<Id>33537</Id>
			<Message LcId="1031">Enkoderinkremente nicht konfiguriert: 0x{0,X}, {1}</Message>
			<Message LcId="1033">Encoder increments not configured: 0x{0,X}, {1}</Message>
		</Event>
		<Event>
			<Id>33792</Id>
			<Message LcId="1031">Antrieb fehlerhaft konfiguriert: {0}</Message>
			<Message LcId="1033">Incorrect drive configuration: {0}</Message>
		</Event>
		<Event>
			<Id>33793</Id>
			<Message LcId="1031">Begrenzung der Kalibrier-Geschwindigkeit: {0}, {1}</Message>
			<Message LcId="1033">Limiting of calibration velocity: {0}, {1}</Message>
		</Event>
		<Event>
			<Id>33794</Id>
			<Message LcId="1031">Emergency-Stop aktiviert: 0x{0,X}, {1}</Message>
			<Message LcId="1033">Emergency stop activated: 0x{0,X}, {1}</Message>
		</Event>
		<Event>
			<Id>33797</Id>
			<Message LcId="1031">Modulo-Position ungültig: {0}</Message>
			<Message LcId="1033">Invalid modulo position: {0}</Message>
		</Event>
		<Event>
			<Id>33813</Id>
			<Message LcId="1031">Modulo-Faktor ungültig: {0}</Message>
			<Message LcId="1033">Invalid modulo factor: {0}</Message>
		</Event>
		<Event>
			<Id>65535</Id>
			<Message LcId="1031">Debug: 0x{0,X}, 0x{1,X}, 0x{2,X}</Message>
			<Message LcId="1033">Debug: 0x{0,X}, 0x{1,X}, 0x{2,X}</Message>
		</Event>
		<Property>
			<Name>DisplayTxtId</Name>
			<Value>true</Value>
		</Property>
	</Source>
</TcEventSources>
